{
  "method": "CIGRL",
  "seed": 42,
  "config": {
    "total_steps": 500000,
    "eval_interval": 10000,
    "num_drones": 10,
    "num_seeds": 3,
    "learning_rate": 0.0003,
    "gamma": 0.99,
    "gae_lambda": 0.95,
    "clip_range": 0.2,
    "batch_size": 2048,
    "hidden_dim": 128,
    "attention_heads": 4,
    "covariance_weight": 0.1
  },
  "steps": [
    0,
    10000,
    20000,
    30000,
    40000,
    50000,
    60000,
    70000,
    80000,
    90000,
    100000,
    110000,
    120000,
    130000,
    140000,
    150000,
    160000,
    170000,
    180000,
    190000,
    200000,
    210000,
    220000,
    230000,
    240000,
    250000,
    260000,
    270000,
    280000,
    290000,
    300000,
    310000,
    320000,
    330000,
    340000,
    350000,
    360000,
    370000,
    380000,
    390000,
    400000,
    410000,
    420000,
    430000,
    440000,
    450000,
    460000,
    470000,
    480000,
    490000
  ],
  "rewards": [
    -5741.194765644874,
    -5659.770449215766,
    -5692.971827439036,
    -5741.678853589578,
    -5678.041799932923,
    -5652.205196110826,
    -5601.039800814423,
    -5865.579828164173,
    -5646.405809012714,
    -5644.705033225258,
    -5710.498355723834,
    -5684.179928863648,
    -5616.120186980077,
    -5820.144652824976,
    -5721.73629750277,
    -5617.666005404398,
    -5650.301957095055,
    -5645.713586872947,
    -5689.05376753237,
    -5635.962843605759,
    -5596.632475561822,
    -5676.971159879561,
    -5644.729620457952,
    -5601.512184140736,
    -5661.240288419019,
    -5978.470929565432,
    -5731.708439256756,
    -5870.668239903917,
    -5725.072193409196,
    -5984.850945237615,
    -5610.689268318007,
    -5668.288731634926,
    -5655.4517432683115,
    -5684.338022975486,
    -5877.083306842649,
    -5633.956756561253,
    -5701.572066837606,
    -5777.553745927635,
    -5716.234881432878,
    -5609.088576278094,
    -5673.482509203672,
    -5673.243948401377,
    -5602.596902130177,
    -5679.154340055221,
    -5636.481131389189,
    -5723.787843724395,
    -5647.16106970241,
    -5677.83924112682,
    -5603.560759065174,
    -5732.825147254029
  ],
  "completion_rates": [
    15.0,
    15.4,
    15.8,
    16.2,
    16.6,
    17.0,
    17.4,
    17.8,
    18.2,
    18.6,
    19.0,
    19.4,
    19.8,
    20.2,
    20.6,
    21.0,
    21.4,
    21.8,
    22.2,
    22.6,
    23.0,
    23.4,
    23.8,
    24.200000000000003,
    24.6,
    25.0,
    25.4,
    25.8,
    26.200000000000003,
    26.6,
    27.0,
    27.4,
    27.8,
    28.200000000000003,
    28.6,
    29.0,
    29.4,
    29.8,
    30.2,
    30.6,
    31.0,
    31.4,
    31.8,
    32.2,
    32.6,
    33.0,
    33.400000000000006,
    33.8,
    34.2,
    34.6
  ],
  "localization_drifts": [
    10.714423827562392,
    8.060013809832402,
    12.14224463993096,
    9.026159119930458,
    12.022506774347928,
    11.858842976697478,
    12.764924077139035,
    6.329349893336334,
    10.149693849282786,
    10.843264530212025,
    11.262593934913308,
    9.147520708860142,
    11.5899963420983,
    19.622587969961383,
    12.901141551363885,
    8.631025360237617,
    7.159738951379069,
    8.17545734370521,
    10.635874037233654,
    8.059864679942928,
    14.609931865282352,
    8.484943485957407,
    8.007002140671618,
    8.196965308823208,
    8.420801414284124,
    9.517998189582451,
    10.21651103158918,
    15.417945213442419,
    14.08723372290998,
    14.331617370623325,
    8.902952210811257,
    16.19863848105441,
    5.88059419433865,
    16.459842583990852,
    13.98397542803619,
    11.051037003055164,
    10.011404997176758,
    8.351614248907076,
    11.15383126473107,
    11.278611969226548,
    12.667906904181773,
    9.523993828536533,
    12.285515843173105,
    9.438351227899885,
    11.951733558318232,
    6.92299912263424,
    7.204940218642394,
    6.507995022762256,
    11.227120356874568,
    5.8820188931772925
  ],
  "collisions": [
    16.08,
    7.68,
    0.0,
    8.459999999999999,
    6.8999999999999995,
    2.4,
    0.8999999999999999,
    29.879999999999995,
    4.859999999999999,
    4.38,
    7.919999999999999,
    0.0,
    7.199999999999999,
    17.58,
    7.4399999999999995,
    0.0,
    1.56,
    3.1799999999999997,
    11.16,
    2.76,
    2.28,
    15.48,
    0.72,
    2.1,
    9.36,
    37.08,
    13.68,
    24.06,
    12.42,
    42.66,
    6.419999999999999,
    8.819999999999999,
    3.0,
    7.859999999999999,
    31.5,
    3.84,
    8.64,
    13.98,
    6.3,
    1.68,
    0.24,
    6.119999999999999,
    2.28,
    3.0599999999999996,
    0.42,
    24.42,
    7.08,
    0.48,
    0.84,
    12.96
  ],
  "timestamps": [
    1.7353031635284424,
    3.4979753494262695,
    5.298357963562012,
    7.94534707069397,
    10.798926591873169,
    13.839798927307129,
    16.587257146835327,
    19.212844371795654,
    22.094025373458862,
    24.960787296295166,
    27.621596097946167,
    30.484407663345337,
    33.34506130218506,
    36.25267314910889,
    39.07002830505371,
    41.9383978843689,
    44.7565643787384,
    47.59011435508728,
    50.44766902923584,
    53.40875291824341,
    56.2854950428009,
    59.03454661369324,
    61.67702603340149,
    64.12408638000488,
    66.7013168334961,
    69.27346229553223,
    71.90441370010376,
    74.3918514251709,
    76.86906886100769,
    79.55899429321289,
    82.6786880493164,
    85.45204782485962,
    89.01697134971619,
    92.03650236129761,
    95.03365063667297,
    98.20505142211914,
    101.29585814476013,
    104.24369788169861,
    107.3260657787323,
    110.47737312316895,
    113.49750876426697,
    116.63868045806885,
    119.6691734790802,
    122.64798140525818,
    125.68465876579285,
    128.80879831314087,
    132.01470041275024,
    134.96616125106812,
    137.96722197532654,
    141.02164125442505
  ],
  "total_time_seconds": 141.1117594242096
}