{
  "method": "CommNet",
  "seed": 44,
  "config": {
    "total_steps": 500000,
    "eval_interval": 10000,
    "num_drones": 10,
    "num_seeds": 3,
    "learning_rate": 0.0003,
    "gamma": 0.99,
    "gae_lambda": 0.95,
    "clip_range": 0.2,
    "batch_size": 2048,
    "hidden_dim": 128,
    "attention_heads": 4,
    "covariance_weight": 0.1
  },
  "steps": [
    0,
    10000,
    20000,
    30000,
    40000,
    50000,
    60000,
    70000,
    80000,
    90000,
    100000,
    110000,
    120000,
    130000,
    140000,
    150000,
    160000,
    170000,
    180000,
    190000,
    200000,
    210000,
    220000,
    230000,
    240000,
    250000,
    260000,
    270000,
    280000,
    290000,
    300000,
    310000,
    320000,
    330000,
    340000,
    350000,
    360000,
    370000,
    380000,
    390000,
    400000,
    410000,
    420000,
    430000,
    440000,
    450000,
    460000,
    470000,
    480000,
    490000
  ],
  "rewards": [
    -5757.532841273046,
    -5676.298843011125,
    -5709.712918921074,
    -5758.005350680501,
    -5694.227632858898,
    -5669.126474158957,
    -5617.170034472414,
    -5883.019801863203,
    -5663.576115971305,
    -5661.358920187917,
    -5728.90624569272,
    -5701.2398846411,
    -5632.117237007987,
    -5835.806573181794,
    -5738.048469766985,
    -5634.689677053558,
    -5666.916164854556,
    -5662.333653523525,
    -5705.663105939142,
    -5651.7139244563205,
    -5613.4586467098825,
    -5694.294978258131,
    -5661.132820562279,
    -5619.4543275025735,
    -5677.602313056598,
    -5997.592262627884,
    -5746.689301391841,
    -5885.470189734978,
    -5740.214426786329,
    -6000.696448046108,
    -5625.915125898322,
    -5684.720931690763,
    -5673.868361842276,
    -5701.383709141726,
    -5891.67558825167,
    -5662.809356275668,
    -5719.107165614935,
    -5794.239109229152,
    -5731.729363689851,
    -5625.400877577968,
    -5689.7733844584745,
    -5690.545316658684,
    -5619.60959160244,
    -5695.993132015488,
    -5653.1761966902,
    -5742.32280763178,
    -5665.705007217067,
    -5695.607323783838,
    -5619.506868685051,
    -5750.9403747593005
  ],
  "completion_rates": [
    8.0,
    8.24,
    8.48,
    8.72,
    8.96,
    9.2,
    9.44,
    9.68,
    9.92,
    10.16,
    10.4,
    10.64,
    10.879999999999999,
    11.120000000000001,
    11.36,
    11.6,
    11.84,
    12.08,
    12.32,
    12.56,
    12.8,
    13.04,
    13.280000000000001,
    13.52,
    13.76,
    14.0,
    14.24,
    14.48,
    14.72,
    14.959999999999999,
    15.2,
    15.44,
    15.68,
    15.92,
    16.16,
    16.4,
    16.64,
    16.88,
    17.12,
    17.36,
    17.6,
    17.84,
    18.08,
    18.32,
    18.560000000000002,
    18.8,
    19.04,
    19.28,
    19.52,
    19.759999999999998
  ],
  "localization_drifts": [
    17.143078124099826,
    12.89558930739468,
    19.42570696951964,
    14.440430091776586,
    19.233571167890034,
    18.967286592878242,
    20.416242088807223,
    10.123325917533634,
    16.23307099476853,
    17.342260919167824,
    18.010216577333217,
    14.627362821043306,
    18.532688450184267,
    31.37606636698904,
    20.629084752116654,
    13.798590872573815,
    11.446352543118522,
    13.069375626265154,
    17.001812621937823,
    12.882997731816452,
    23.349733441243835,
    13.56074527197945,
    12.796778989990218,
    13.09936334225154,
    13.457094876914713,
    15.208284407249653,
    16.32305508748422,
    24.63219587840676,
    22.504370180383134,
    22.894407678344482,
    14.222471251728207,
    25.874691418325632,
    9.39391924445377,
    26.290201787360328,
    22.33232276593969,
    23.77354001194432,
    15.988614132830486,
    13.33779500203333,
    17.812612065509978,
    18.01144000385438,
    20.225798021935926,
    15.204641004539576,
    19.611516015173894,
    15.06624527878723,
    19.075762577706683,
    11.051103185026099,
    11.500760555210187,
    10.387724222111814,
    17.917260466693083,
    9.387759021133332
  ],
  "collisions": [
    32.16,
    15.36,
    0.0,
    16.919999999999998,
    13.799999999999999,
    4.8,
    1.7999999999999998,
    59.75999999999999,
    9.719999999999999,
    8.76,
    15.839999999999998,
    0.0,
    14.399999999999999,
    35.16,
    14.879999999999999,
    0.0,
    3.12,
    6.359999999999999,
    22.32,
    5.52,
    4.56,
    30.96,
    1.44,
    4.2,
    18.72,
    74.16,
    27.24,
    48.12,
    24.84,
    85.32,
    12.839999999999998,
    17.52,
    5.88,
    15.719999999999999,
    63.0,
    7.68,
    17.28,
    27.84,
    12.6,
    3.5999999999999996,
    0.48,
    12.239999999999998,
    4.56,
    6.119999999999999,
    0.84,
    48.959999999999994,
    14.16,
    0.96,
    1.68,
    25.92
  ],
  "timestamps": [
    2.7675483226776123,
    5.59981894493103,
    8.280959606170654,
    10.971360683441162,
    13.621793985366821,
    16.43363380432129,
    19.155062198638916,
    21.84297823905945,
    24.413084983825684,
    27.068772077560425,
    29.76862072944641,
    32.53197765350342,
    35.093750953674316,
    37.62949752807617,
    40.19264817237854,
    42.52429795265198,
    44.47111749649048,
    46.63724875450134,
    48.68959641456604,
    50.82485055923462,
    53.54007959365845,
    56.19840121269226,
    58.885297775268555,
    61.535104751586914,
    64.11540484428406,
    66.82879757881165,
    69.49758529663086,
    72.11908221244812,
    74.75437021255493,
    77.45381116867065,
    80.0844669342041,
    82.71352076530457,
    85.3096513748169,
    87.94647598266602,
    90.59409236907959,
    93.1900589466095,
    95.83972716331482,
    98.46965074539185,
    101.11323094367981,
    103.7357337474823,
    106.3703362941742,
    108.9997341632843,
    111.67640376091003,
    114.31207370758057,
    116.9547770023346,
    119.61813449859619,
    122.24003720283508,
    124.89524364471436,
    127.73766875267029,
    130.61057353019714
  ],
  "total_time_seconds": 130.6923222541809
}