{
  "method": "MAPPO",
  "seed": 44,
  "config": {
    "total_steps": 500000,
    "eval_interval": 10000,
    "num_drones": 10,
    "num_seeds": 3,
    "learning_rate": 0.0003,
    "gamma": 0.99,
    "gae_lambda": 0.95,
    "clip_range": 0.2,
    "batch_size": 2048,
    "hidden_dim": 128,
    "attention_heads": 4,
    "covariance_weight": 0.1
  },
  "steps": [
    0,
    10000,
    20000,
    30000,
    40000,
    50000,
    60000,
    70000,
    80000,
    90000,
    100000,
    110000,
    120000,
    130000,
    140000,
    150000,
    160000,
    170000,
    180000,
    190000,
    200000,
    210000,
    220000,
    230000,
    240000,
    250000,
    260000,
    270000,
    280000,
    290000,
    300000,
    310000,
    320000,
    330000,
    340000,
    350000,
    360000,
    370000,
    380000,
    390000,
    400000,
    410000,
    420000,
    430000,
    440000,
    450000,
    460000,
    470000,
    480000,
    490000
  ],
  "rewards": [
    -5757.532841273046,
    -5676.298843011125,
    -5709.712918921074,
    -5758.005350680501,
    -5694.227632858898,
    -5669.126474158957,
    -5617.170034472414,
    -5883.019801863203,
    -5663.576115971305,
    -5661.358920187917,
    -5728.90624569272,
    -5701.2398846411,
    -5632.117237007987,
    -5835.806573181794,
    -5738.048469766985,
    -5634.689677053558,
    -5666.916164854556,
    -5662.333653523525,
    -5705.663105939142,
    -5651.7139244563205,
    -5613.4586467098825,
    -5694.294978258131,
    -5661.132820562279,
    -5619.4543275025735,
    -5677.602313056598,
    -5997.592262627884,
    -5746.689301391841,
    -5885.470189734978,
    -5740.214426786329,
    -6000.696448046108,
    -5625.915125898322,
    -5684.720931690763,
    -5673.868361842276,
    -5701.383709141726,
    -5891.67558825167,
    -5662.809356275668,
    -5719.107165614935,
    -5794.239109229152,
    -5731.729363689851,
    -5625.400877577968,
    -5689.7733844584745,
    -5690.545316658684,
    -5619.60959160244,
    -5695.993132015488,
    -5653.1761966902,
    -5742.32280763178,
    -5665.705007217067,
    -5695.607323783838,
    -5619.506868685051,
    -5750.9403747593005
  ],
  "completion_rates": [
    5.0,
    5.16,
    5.32,
    5.48,
    5.64,
    5.8,
    5.96,
    6.12,
    6.28,
    6.4399999999999995,
    6.6,
    6.76,
    6.92,
    7.08,
    7.24,
    7.4,
    7.5600000000000005,
    7.720000000000001,
    7.88,
    8.04,
    8.2,
    8.36,
    8.52,
    8.68,
    8.84,
    9.0,
    9.16,
    9.32,
    9.48,
    9.64,
    9.8,
    9.96,
    10.120000000000001,
    10.280000000000001,
    10.440000000000001,
    10.6,
    10.76,
    10.92,
    11.08,
    11.24,
    11.4,
    11.559999999999999,
    11.719999999999999,
    11.879999999999999,
    12.04,
    12.2,
    12.36,
    12.52,
    12.68,
    12.84
  ],
  "localization_drifts": [
    19.285962889612307,
    14.507537970819014,
    21.853920340709596,
    16.245483853248658,
    21.637767563876288,
    21.338197416988024,
    22.968272349908123,
    11.388741657225339,
    18.262204869114594,
    19.510043534063804,
    20.26149364949987,
    16.45578317367372,
    20.849274506457302,
    35.29807466286267,
    23.207720346131232,
    15.523414731645541,
    12.877146611008335,
    14.703047579548297,
    19.12703919968005,
    14.493372448293508,
    26.26845012139931,
    15.25583843097688,
    14.396376363738995,
    14.736783760032981,
    15.139231736529052,
    17.10931995815586,
    18.36343697341975,
    27.7112203632076,
    25.317416452931027,
    25.756208638137544,
    16.000280158194233,
    29.109027845616335,
    10.56815915001049,
    29.576477010780366,
    25.123863111682148,
    26.745232513437358,
    17.987190899434296,
    15.005019377287494,
    20.039188573698723,
    20.262870004336175,
    22.754022774677914,
    17.105221130107022,
    22.06295551707063,
    16.949525938635635,
    21.46023289992002,
    12.43249108315436,
    12.93835562461146,
    11.686189749875789,
    20.156918025029718,
    10.561228898774997
  ],
  "collisions": [
    42.88,
    20.480000000000004,
    0.0,
    22.560000000000002,
    18.400000000000002,
    6.4,
    2.4000000000000004,
    79.68,
    12.96,
    11.68,
    21.12,
    0.0,
    19.200000000000003,
    46.88,
    19.840000000000003,
    0.0,
    4.16,
    8.48,
    29.760000000000005,
    7.359999999999999,
    6.08,
    41.28,
    1.92,
    5.6000000000000005,
    24.96,
    98.88,
    36.32,
    64.16000000000001,
    33.12,
    113.75999999999999,
    17.12,
    23.36,
    7.840000000000001,
    20.96,
    84.0,
    10.240000000000002,
    23.040000000000003,
    37.12,
    16.8,
    4.800000000000001,
    0.6400000000000001,
    16.32,
    6.08,
    8.16,
    1.1199999999999999,
    65.28,
    18.880000000000003,
    1.2800000000000002,
    2.2399999999999998,
    34.56
  ],
  "timestamps": [
    2.535229444503784,
    5.119104623794556,
    7.660770416259766,
    10.197208166122437,
    12.75366735458374,
    15.360838651657104,
    17.99061369895935,
    20.584176301956177,
    23.197425365447998,
    25.773517847061157,
    28.384104251861572,
    30.997382640838623,
    33.65141582489014,
    36.155269145965576,
    38.71713137626648,
    41.26912450790405,
    43.81311011314392,
    46.37261962890625,
    48.93696212768555,
    51.46827459335327,
    54.044766902923584,
    56.579843282699585,
    59.18646049499512,
    61.776641845703125,
    64.35856914520264,
    66.91670203208923,
    69.4848415851593,
    72.02269339561462,
    74.57060527801514,
    77.14392352104187,
    79.69382095336914,
    82.24567532539368,
    84.82342767715454,
    87.3458297252655,
    89.89253377914429,
    92.41931176185608,
    95.08228516578674,
    97.70781636238098,
    100.37479162216187,
    103.06459832191467,
    105.65907144546509,
    108.26109910011292,
    110.90308690071106,
    113.61762237548828,
    116.2579984664917,
    118.94100022315979,
    121.70048260688782,
    124.37757062911987,
    126.97827124595642,
    129.64035773277283
  ],
  "total_time_seconds": 129.71971702575684
}