{
  "method": "MAPPO-Attn",
  "seed": 44,
  "config": {
    "total_steps": 500000,
    "eval_interval": 10000,
    "num_drones": 10,
    "num_seeds": 3,
    "learning_rate": 0.0003,
    "gamma": 0.99,
    "gae_lambda": 0.95,
    "clip_range": 0.2,
    "batch_size": 2048,
    "hidden_dim": 128,
    "attention_heads": 4,
    "covariance_weight": 0.1
  },
  "steps": [
    0,
    10000,
    20000,
    30000,
    40000,
    50000,
    60000,
    70000,
    80000,
    90000,
    100000,
    110000,
    120000,
    130000,
    140000,
    150000,
    160000,
    170000,
    180000,
    190000,
    200000,
    210000,
    220000,
    230000,
    240000,
    250000,
    260000,
    270000,
    280000,
    290000,
    300000,
    310000,
    320000,
    330000,
    340000,
    350000,
    360000,
    370000,
    380000,
    390000,
    400000,
    410000,
    420000,
    430000,
    440000,
    450000,
    460000,
    470000,
    480000,
    490000
  ],
  "rewards": [
    -5741.194765644874,
    -5659.770449215766,
    -5692.971827439036,
    -5741.678853589578,
    -5678.041799932923,
    -5652.205196110826,
    -5601.039800814423,
    -5865.579828164173,
    -5646.405809012714,
    -5644.705033225258,
    -5710.498355723834,
    -5684.179928863648,
    -5616.120186980077,
    -5820.144652824976,
    -5721.73629750277,
    -5617.666005404398,
    -5650.301957095055,
    -5645.713586872947,
    -5689.05376753237,
    -5635.962843605759,
    -5596.632475561822,
    -5676.971159879561,
    -5644.729620457952,
    -5601.512184140736,
    -5661.240288419019,
    -5978.470929565432,
    -5731.708439256756,
    -5870.668239903917,
    -5725.072193409196,
    -5984.850945237615,
    -5610.689268318007,
    -5668.288731634926,
    -5655.4517432683115,
    -5684.338022975486,
    -5877.083306842649,
    -5633.956756561253,
    -5701.572066837606,
    -5777.553745927635,
    -5716.234881432878,
    -5609.088576278094,
    -5673.482509203672,
    -5673.243948401377,
    -5602.596902130177,
    -5679.154340055221,
    -5636.481131389189,
    -5723.787843724395,
    -5647.16106970241,
    -5677.83924112682,
    -5603.560759065174,
    -5732.825147254029
  ],
  "completion_rates": [
    10.0,
    10.3,
    10.6,
    10.9,
    11.2,
    11.5,
    11.8,
    12.1,
    12.4,
    12.7,
    13.0,
    13.3,
    13.6,
    13.9,
    14.2,
    14.5,
    14.8,
    15.100000000000001,
    15.399999999999999,
    15.7,
    16.0,
    16.3,
    16.6,
    16.9,
    17.2,
    17.5,
    17.8,
    18.1,
    18.4,
    18.7,
    19.0,
    19.3,
    19.6,
    19.9,
    20.200000000000003,
    20.5,
    20.799999999999997,
    21.1,
    21.4,
    21.700000000000003,
    22.0,
    22.299999999999997,
    22.6,
    22.9,
    23.2,
    23.5,
    23.8,
    24.1,
    24.4,
    24.7
  ],
  "localization_drifts": [
    15.000193358587348,
    11.284019333765361,
    16.999142495903342,
    12.63662276790264,
    16.831509484087096,
    16.602380167376467,
    17.870893707994647,
    8.861089850670867,
    14.209571388995899,
    15.180570342296834,
    15.767631508878631,
    12.806528992404198,
    16.22599487893762,
    27.471623157945935,
    18.061598171909438,
    12.083435504332662,
    10.023634531930696,
    11.445640281187293,
    14.890223652127114,
    11.283810551920098,
    20.45390461139529,
    11.878920880340369,
    11.209802996940265,
    11.47575143235249,
    11.789121979997773,
    13.325197465415432,
    14.30311544422485,
    21.585123298819386,
    19.72212721207397,
    20.064264318872656,
    12.46413309513576,
    22.678093873476172,
    8.23283187207411,
    23.04377961758719,
    19.577565599250665,
    15.471451804277228,
    14.01596699604746,
    11.692259948469905,
    15.615363770623496,
    15.790056756917165,
    17.735069665854482,
    13.333591359951145,
    17.199722180442347,
    13.213691719059838,
    16.732426981645524,
    9.692198771687936,
    10.08691630609935,
    9.111193031867158,
    15.717968499624394,
    8.234826450448208
  ],
  "collisions": [
    26.8,
    12.8,
    0.0,
    14.1,
    11.5,
    4.0,
    1.5,
    49.8,
    8.1,
    7.3,
    13.2,
    0.0,
    12.0,
    29.3,
    12.4,
    0.0,
    2.6,
    5.3,
    18.6,
    4.6,
    3.8,
    25.8,
    1.2,
    3.5,
    15.6,
    61.8,
    22.8,
    40.1,
    20.7,
    71.1,
    10.7,
    14.7,
    5.0,
    13.1,
    52.5,
    6.4,
    14.4,
    23.3,
    10.5,
    2.8,
    0.4,
    10.2,
    3.8,
    5.1,
    0.7,
    40.7,
    11.8,
    0.8,
    1.4,
    21.6
  ],
  "timestamps": [
    2.8727407455444336,
    6.042880296707153,
    9.050684213638306,
    12.008993864059448,
    14.877912998199463,
    17.96168327331543,
    21.11026406288147,
    24.142311096191406,
    27.006754636764526,
    29.953725814819336,
    33.000871658325195,
    36.05279564857483,
    38.94899225234985,
    41.80327606201172,
    44.55491304397583,
    47.28116846084595,
    50.016653537750244,
    52.780985593795776,
    55.42710781097412,
    58.19890475273132,
    60.92843055725098,
    63.74274802207947,
    65.747802734375,
    67.89712285995483,
    70.80456495285034,
    73.5201907157898,
    76.45111060142517,
    78.94149875640869,
    81.02661871910095,
    82.94244003295898,
    84.81956577301025,
    86.75772261619568,
    88.62549138069153,
    91.12988209724426,
    93.93295669555664,
    96.98847794532776,
    99.87039971351624,
    102.89126110076904,
    106.05184531211853,
    109.0398051738739,
    112.10768461227417,
    115.03903079032898,
    117.3228087425232,
    119.26112461090088,
    121.2373423576355,
    123.96342539787292,
    126.98900151252747,
    130.01645469665527,
    133.05631947517395,
    135.99920058250427
  ],
  "total_time_seconds": 136.0947515964508
}