{
  "method": "QMIX",
  "seed": 43,
  "config": {
    "total_steps": 500000,
    "eval_interval": 10000,
    "num_drones": 10,
    "num_seeds": 3,
    "learning_rate": 0.0003,
    "gamma": 0.99,
    "gae_lambda": 0.95,
    "clip_range": 0.2,
    "batch_size": 2048,
    "hidden_dim": 128,
    "attention_heads": 4,
    "covariance_weight": 0.1
  },
  "steps": [
    0,
    10000,
    20000,
    30000,
    40000,
    50000,
    60000,
    70000,
    80000,
    90000,
    100000,
    110000,
    120000,
    130000,
    140000,
    150000,
    160000,
    170000,
    180000,
    190000,
    200000,
    210000,
    220000,
    230000,
    240000,
    250000,
    260000,
    270000,
    280000,
    290000,
    300000,
    310000,
    320000,
    330000,
    340000,
    350000,
    360000,
    370000,
    380000,
    390000,
    400000,
    410000,
    420000,
    430000,
    440000,
    450000,
    460000,
    470000,
    480000,
    490000
  ],
  "rewards": [
    -5757.532841273046,
    -5676.298843011125,
    -5709.712918921074,
    -5758.005350680501,
    -5694.227632858898,
    -5669.126474158957,
    -5617.170034472414,
    -5883.019801863203,
    -5663.576115971305,
    -5661.358920187917,
    -5728.90624569272,
    -5701.2398846411,
    -5632.117237007987,
    -5835.806573181794,
    -5738.048469766985,
    -5634.689677053558,
    -5666.916164854556,
    -5662.333653523525,
    -5705.663105939142,
    -5651.7139244563205,
    -5613.4586467098825,
    -5694.294978258131,
    -5661.132820562279,
    -5619.4543275025735,
    -5677.602313056598,
    -5997.592262627884,
    -5746.689301391841,
    -5885.470189734978,
    -5740.214426786329,
    -6000.696448046108,
    -5625.915125898322,
    -5684.720931690763,
    -5673.868361842276,
    -5701.383709141726,
    -5891.67558825167,
    -5662.809356275668,
    -5719.107165614935,
    -5794.239109229152,
    -5731.729363689851,
    -5625.400877577968,
    -5689.7733844584745,
    -5690.545316658684,
    -5619.60959160244,
    -5695.993132015488,
    -5653.1761966902,
    -5742.32280763178,
    -5665.705007217067,
    -5695.607323783838,
    -5619.506868685051,
    -5750.9403747593005
  ],
  "completion_rates": [
    6.0,
    6.2,
    6.4,
    6.6,
    6.8,
    7.0,
    7.2,
    7.4,
    7.6,
    7.8,
    8.0,
    8.2,
    8.4,
    8.6,
    8.8,
    9.0,
    9.2,
    9.4,
    9.6,
    9.8,
    10.0,
    10.2,
    10.4,
    10.600000000000001,
    10.8,
    11.0,
    11.2,
    11.4,
    11.600000000000001,
    11.8,
    12.0,
    12.2,
    12.4,
    12.600000000000001,
    12.8,
    13.0,
    13.2,
    13.4,
    13.6,
    13.8,
    14.0,
    14.2,
    14.4,
    14.6,
    14.8,
    15.0,
    15.200000000000001,
    15.399999999999999,
    15.6,
    15.8
  ],
  "localization_drifts": [
    18.214520506856065,
    13.701563639106846,
    20.63981365511462,
    15.34295697251262,
    20.43566936588316,
    20.15274200493313,
    21.69225721935767,
    10.756033787379486,
    17.24763793194156,
    18.426152226615812,
    19.135855113416543,
    15.541572997358513,
    19.690981478320783,
    33.337070514925855,
    21.91840254912394,
    14.661002802109676,
    12.161749577063427,
    13.886211602906725,
    18.064425910808936,
    13.68818509005498,
    24.809091781321573,
    14.408291851478163,
    13.596577676864605,
    13.918073551142259,
    14.29816330672188,
    16.158802182702754,
    17.343246030451983,
    26.17170812080718,
    23.91089331665708,
    24.32530815824101,
    15.111375704961219,
    27.491859631970982,
    9.98103919723213,
    27.933339399070345,
    23.728092938810917,
    25.259386262690835,
    16.98790251613239,
    14.171407189660412,
    18.92590031960435,
    19.137155004095277,
    21.489910398306918,
    16.1549310673233,
    20.837235766122262,
    16.00788560871143,
    20.26799773881335,
    11.741797134090229,
    12.219558089910823,
    11.0369569859938,
    19.0370892458614,
    9.974493959954165
  ],
  "collisions": [
    37.519999999999996,
    17.919999999999998,
    0.0,
    19.74,
    16.099999999999998,
    5.6,
    2.0999999999999996,
    69.71999999999998,
    11.339999999999998,
    10.219999999999999,
    18.479999999999997,
    0.0,
    16.799999999999997,
    41.019999999999996,
    17.36,
    0.0,
    3.6399999999999997,
    7.419999999999999,
    26.04,
    6.4399999999999995,
    5.319999999999999,
    36.12,
    1.68,
    4.8999999999999995,
    21.84,
    86.52,
    31.779999999999998,
    56.14,
    28.979999999999997,
    99.53999999999999,
    14.979999999999999,
    20.439999999999998,
    6.86,
    18.34,
    73.5,
    8.959999999999999,
    20.16,
    32.48,
    14.7,
    4.199999999999999,
    0.5599999999999999,
    14.279999999999998,
    5.319999999999999,
    7.139999999999999,
    0.9799999999999999,
    57.11999999999999,
    16.52,
    1.1199999999999999,
    1.9599999999999997,
    30.24
  ],
  "timestamps": [
    2.4441256523132324,
    4.974510669708252,
    7.485795974731445,
    9.973782539367676,
    12.497687816619873,
    14.942702770233154,
    17.440447568893433,
    19.92943811416626,
    22.442221641540527,
    24.989551305770874,
    27.508585214614868,
    30.045427799224854,
    32.54387283325195,
    35.05059194564819,
    37.586862087249756,
    40.07082152366638,
    42.57208323478699,
    45.05557465553284,
    47.529942989349365,
    50.0430965423584,
    52.56174969673157,
    55.11188077926636,
    57.57977318763733,
    60.07781004905701,
    62.627833127975464,
    65.091313123703,
    67.52739191055298,
    70.03881025314331,
    72.53982138633728,
    75.00443625450134,
    77.46022701263428,
    79.95832395553589,
    82.49735879898071,
    84.98014283180237,
    87.45045876502991,
    89.92234468460083,
    92.42532444000244,
    94.87840390205383,
    97.38288950920105,
    99.89606714248657,
    102.42808437347412,
    104.88739275932312,
    107.40127635002136,
    109.91161918640137,
    112.4482102394104,
    114.93081831932068,
    117.43099427223206,
    120.00889110565186,
    122.51189470291138,
    125.09198689460754
  ],
  "total_time_seconds": 125.1706759929657
}